id,name_zh_tw,name_ko,name_en,chef_zh_tw,chef_ko,chef_en,season,team,show_nickname_zh_tw,status,cuisine,district_zh_tw,neighborhood_zh_tw,address_zh_tw,average_price_krw,price_level,catchtable_available,catchtable_url,booking_mode,booking_difficulty,naver_map_url,google_maps_url,hataro_score,priority_tier,worth_detour,instagram_url,official_website,checked_at
restaurant-evett,Restaurant EVETT,에빗,Restaurant EVETT,Joseph Lidgerwood,조셉 리저우드,Joseph Lidgerwood,1,white-spoon,,open,現代韓式|精緻餐飲,江南區,狎鷗亭／新沙,首爾江南區島山大路45街10-5，1樓,300000,5,true,https://www.catchtable.net/shop/evett,reservation,5,https://naver.me/F2Zuq8j6,https://maps.app.goo.gl/Y7goTa5XoGff3mSR9,4.5,S,true,https://www.instagram.com/restaurantevett,https://restaurantevett.com/,2026-07-14
yun-seoul,Yun Seoul,윤서울,Yun Seoul,金度潤,김도윤,Kim Do-yoon,1,white-spoon,,open,現代韓式|發酵料理|精緻餐飲,江南區,狎鷗亭,首爾江南區宣陵路805，1樓,250000,5,true,https://www.catchtable.net/shop/yunseoul,reservation,5,https://naver.me/FIfsMdk6,https://maps.app.goo.gl/uJ7FXpuQJomcen7p6,5,S,true,https://www.instagram.com/yunseoul.restaurant,,2026-07-14
choi-dot,CHOI.,쵸이닷,CHOI. (Choi Dot),崔鉉碩,최현석,Choi Hyun-seok,1,white-spoon,,open,創意西餐|義式基底|精緻餐飲,江南區,清潭洞,首爾江南區島山大路457，Angsdom 大樓3樓,200000,5,true,https://www.catchtable.net/shop/choidot,reservation,4,https://naver.me/55rmarQu,https://maps.app.goo.gl/QrPhXJnyuCjgSkko9,4,A,true,https://www.instagram.com/choidot_official/,,2026-07-14
negi-dining-lounge,NEGI Dining Lounge,네기다이닝라운지,NEGI Dining Lounge,張皓俊,장호준,Jang Ho-joon,1,white-spoon,,open,現代日式|餐酒館,江南區,新沙洞,首爾江南區島山大路15街18，4樓,130000,4,true,https://www.catchtable.net/shop/negitong,reservation|phone-for-groups,4,https://naver.me/GYC924Qg,https://maps.app.goo.gl/ugpUnyakkTyNmhHr9,4,A,false,https://www.instagram.com/negi_dining_lounge,,2026-07-14
via-toledo-pasta-bar,VIA TOLEDO Pasta Bar,비아 톨레도 파스타바,VIA TOLEDO Pasta Bar,權聖晙,권성준,Kwon Seong-jun,1,black-spoon,拿坡里美味黑手黨,open,義大利料理|手工義大利麵|主廚套餐,龍山區,元曉路,首爾龍山區元曉路83街7-2，1樓,150000,4,true,https://www.catchtable.net/shop/viatoledo,reservation|instagram-announcement,5,https://naver.me/xcnarJcM,https://maps.app.goo.gl/1dCms99832XYj3Tc9,4.5,S,true,https://www.instagram.com/viatoledo_official/,,2026-07-14
trid,trid,트리드,trid,姜勝元,강승원,Kang Seung-won,1,black-spoon,三星,open,當代料理|精緻餐飲,江南區,清潭洞,首爾江南區宣陵路162街16，2樓,250000,5,true,https://www.catchtable.net/shop/trid,reservation,5,https://naver.me/5S9QJFdy,https://maps.app.goo.gl/F1mgCFUAgZL2kqku8,4,A,true,https://www.instagram.com/tridseoul,,2026-07-14
doryang,Doryang,도량,Doryang,林泰勳,임태훈,Lim Tae-hoon,1,black-spoon,鐵包料理師,open,中華料理|個人鍋,鐘路區,西村／景福宮,首爾鐘路區紫霞門路6街6,45000,2,true,https://www.catchtable.net/shop/dolyang,reservation|walk-in|onsite-waitlist,4,https://naver.me/FG7xdR6A,https://maps.app.goo.gl/hS8Nt73e19Xd6Gm19,4.5,A,true,https://www.instagram.com/doryang_restaurant/,,2026-07-14
chokwang201,ChoKwang201,조광201,ChoKwang201,趙光孝,조광효,Cho Kwang-hyo,1,black-spoon,漫畫男,open,四川料理|創意中華,松坡區,文井／長旨,首爾松坡區新馬路8街13,70000,3,true,https://www.catchtable.net/shop/cho__kwang,reservation,5,https://naver.me/5XJIY6zk,https://maps.app.goo.gl/WWRCQcEiWp3fRWGZA,4.5,A,true,https://www.instagram.com/cho__kwang/,,2026-07-14
soul-dining,SOUL,소울,SOUL,金熙恩,김희은,Kim Hee-eun,2,white-spoon,,open,當代韓式|精緻餐飲,龍山區,解放村,首爾龍山區新興路26街35，地下1樓,200000,5,true,https://www.catchtable.net/shop/souldining,reservation,5,https://naver.me/FdCxW0oV,https://maps.app.goo.gl/ZiDiLHGjLazGkjKZ8,4.5,S,true,https://www.instagram.com/souldining_seoul/,,2026-07-14
eatanic-garden,Eatanic Garden,이타닉 가든,Eatanic Garden,孫鍾元,손종원,Son Jong-won,2,white-spoon,,open,當代韓式|精緻餐飲,江南區,驛三洞,首爾江南區德黑蘭路231，Josun Palace 36樓,300000,5,true,https://www.catchtable.net/shop/eatanicgarden,reservation|phone-for-private-room,5,https://naver.me/GbDRmKbo,https://maps.app.goo.gl/kTkaZWuwVfyyFDE37,4,A,true,https://www.instagram.com/eatanicgarden/,https://jpg.josunhotel.com/dining/eatanicGarden.do,2026-07-14
soigne-seoul,Soigné,스와니예,Soigné,李駿,이준,Jun Lee,2,white-spoon,,open,Seoul Cuisine|當代料理|精緻餐飲,江南區,新沙洞,首爾江南區江南大路652，Sinsa Square 2樓201號,250000,5,true,https://www.catchtable.net/shop/soigneseoul,reservation,5,https://naver.me/FCA8bpR6,https://maps.app.goo.gl/m1H7k524phzpSC1b8,5,S,true,https://www.instagram.com/soigneseoul,https://soigneseoul.com/,2026-07-14
cheonsang,CheonSang,천상현의 천상,CheonSang by Cheon Sang-hyun,千尚鉉,천상현,Cheon Sang-hyun,2,white-spoon,,open,現代中華|套餐,瑞草區,良才洞,首爾瑞草區梅軒路16，High Brand La Cittadella Moda 6樓,80000,3,true,https://www.catchtable.net/shop/cheonsang,reservation|phone,3,https://naver.me/5wWeZa75,https://maps.app.goo.gl/T7aG95VE65K1LNcQA,3.5,B,false,,,2026-07-14
haobin,Haobin,호빈,Haobin,侯德竹,후덕죽,Hoo Deok-juk,2,white-spoon,,open,粵菜|精緻中華|酒店餐飲,中區,獎忠洞,首爾中區東湖路287，Ambassador Seoul Pullman 2樓,200000,5,true,https://www.catchtable.net/shop/theambassador_haobin,reservation|phone,4,https://naver.me/x3jFmEYo,https://maps.app.goo.gl/hbYMHusvkWnoHXg98,4,A,true,https://www.instagram.com/theambassador_haobin/,https://www.ambatel.com/theambassador/seoul/en/dining/Haobin.do,2026-07-14
original-numbers,Original Numbers,오리지널 넘버스,Original Numbers,李燦陽,이찬양,Lee Chan-yang,2,black-spoon,叛逆天才,open,當代西餐|精緻餐飲,江南區,江南,,150000,4,true,https://www.catchtable.net/shop/original_numbers,reservation,5,https://naver.me/GJTiSWqB,https://maps.app.goo.gl/GJiy6nriViqC7QzD6,4,A,true,https://www.instagram.com/original.numbers,,2026-07-14
superpan,SUPERPAN,수퍼판,SUPERPAN,禹貞旭,우정욱,Woo Jung-wook,2,black-spoon,首爾媽媽,open,現代韓式|Seoul Cuisine|餐酒館,江南區,新沙／狎鷗亭,首爾江南區論峴路167街15，2樓,80000,3,true,https://www.catchtable.net/shop/superpan,reservation,4,https://naver.me/57VZyhQT,https://maps.app.goo.gl/ZZiPKJqh8UwFNYk99,4.5,S,true,https://www.instagram.com/superpan_seoul,https://www.superpan.kr/,2026-07-14
yunjudang,YUNJUDANG,윤주당,YUNJUDANG,尹奈羅,윤나라,Nara Yoon,2,black-spoon,釀酒尹酒母,open,韓式下酒菜|傳統酒|餐酒館,龍山區,解放村,首爾龍山區新興路81-1，1樓,50000,2,true,https://www.catchtable.net/shop/yunjudang_,reservation|phone-for-groups,5,https://naver.me/GipBdym3,https://maps.app.goo.gl/ocpxEzd9oKpx2fBZ9,5,S,true,https://www.instagram.com/yunjudang,,2026-07-14
okdongsik-seoul,Okdongsik,옥동식,Okdongsik Seoul,屋同植,옥동식,Ok Dong-sik,2,black-spoon,去紐約的豬肉湯飯,open,豬肉湯飯|韓式湯品|Bib Gourmand,麻浦區,西橋洞／合井,首爾麻浦區楊花路7街44-10,18000,1,true,https://www.catchtable.net/shop/okdongsik,remote-waitlist|walk-in,4,https://naver.me/GOPeFGkr,https://maps.app.goo.gl/i8yDfzAH3qhNGTdG7,5,S,true,https://www.instagram.com/okdongsik,https://www.okdongsik.net/seoul,2026-07-14
neo-choi-kang-rok,Neo（歷史）,식당 네오,Neo (historical),崔康祿,최강록,Choi Kang-rok,2,white-spoon,,closed,創意日式|居酒屋套餐,松坡區,三田洞,原址：首爾松坡區三田路12街4，1樓,77000,4,false,,,5,,,4,C,false,,,2026-07-14
